job_title,company,city,experience_years,job_type,skills,salary,source,date_collected,job_category
Tamheer Trainee – Data Analyst (IT),H. M. Al Rugaib & Sons Trading Co,Khobar,0,Full-time,"Excel, Power BI, Tableau, SQL",,LinkedIn,2026-05-16,Data Analyst
2026 KSA Analyst Program - Data & AI Analyst,Infinite PL,Riyadh,0,Full-time,"Python, Java, TensorFlow, PyTorch, MATLAB, Tableau",,LinkedIn,2026-05-16,Data Analyst
Data Analyst,Assystem,Riyadh,2,Full-time,"Excel, Power BI, Python, SQL",,LinkedIn,2026-05-16,Data Analyst
Data Scientist,Kanz,Riyadh,0,Full-time,"Python, R, Machine Learning, Statistical Analysis, Data Visualization",,LinkedIn,2026-05-16,Data Scientist
Data Science Expert,SAP,Riyadh,6,Hybrid,"Python, Spark, SQL, BI Tools, Data Visualization, Machine Learning",,LinkedIn,2026-05-16,Data Scientist
Data Analyst-- NBFI Data Standardization,LeadingEdge HR Solutions,Riyadh,0,Full-time,"SQL, Python, Pandas,Excel, CSV",,LinkedIn,2026-05-16,Data Analyst
Senior Data Science - Integrity,Salla,Makkah,5,Full-time,"Python, SQL, PyTorch, Transformers, Scikit-learn, OpenCV, Kafka",,LinkedIn,2026-05-16,Data Scientist
Capabilities & Insights Analytics Analyst - Healthcare,McKinsey & Company,Riyadh,3,Full-time,"Python, R, TensorFlow, PyTorch, Tableau, Power BI, Plotly, SQL",,LinkedIn,2026-05-16,Data Analyst
Data Analyst‏,MEMF Electrical Industries Co,Riyadh,0,Full-time,Power BI,,LinkedIn,2026-05-16,Data Analyst
Staff Data Scientist,Discovered MENA,Remote,7,Remote,"SQL, Python, Pandas, Scipy, Looker, Metabase, dbt, BigQuery",,LinkedIn,2026-05-16,Data Scientist
Data Scientist,Gathern.co,Riyadh,4,Full-time,"SQL, Python, R, Machine Learning, Data Visualization, Statistical Analysis, Data Modeling",,LinkedIn,2026-05-16,Data Scientist
Sales Data Analyst,NICE ONE,Riyadh,2,Full-time,"SQL, Python, R, Machine Learning, Data Visualization, Statistical Analysis, Data Modeling",,LinkedIn,2026-05-16,Data Analyst
Data Analyst,JD.COM,Riyadh,3,Full-time,"SQL, Power BI, Excel, SPSS, SAS",,LinkedIn,2026-05-16,Data Analyst
Senior Data Scientist‏,Devoteam,Riyadh,7,Full-time,"Python, R, SQL, Machine Learning, Statistical Analysis, Alteryx, Dataiku",,LinkedIn,2026-05-16,Data Scientist
"Manager, Data Science & Analytics",Ma'aden,Riyadh,10,Full-time,"Python, SQL, TensorFlow, PyTorch, Azure, AWS, Machine Learning",,LinkedIn,2026-05-16,Data Scientist
Senior Data Scientist,CME,Riyadh,6,Full-time,"Python, Pandas, Scikit-learn, PyTorch, TensorFlow, SQL, AWS, Azure, MLflow",,LinkedIn,2026-05-16,Data Scientist
Data Scientist,CNTXT,Riyadh,5,Full-time,"Python, PyTorch, TensorFlow, AWS, Azure, GCP, Docker, Kubernetes, MLflow",,LinkedIn,2026-05-16,Data Scientist
Senior Data Analyst,Maximus KSA,Riyadh,4,Full-time,"SQL, Excel, Power BI, Tableau, Python, R",,LinkedIn,2026-05-16,Data Analyst
Data Scientist I,MOZN,Riyadh,0,Full-time,"SQL, Python, Machine Learning",,LinkedIn,2026-05-16,Data Scientist
AI Data Analyst,PulseMediaNL,Remote,2,Remote,"SQL, Python, R, Power BI, Tableau, Machine Learning",,LinkedIn,2026-05-16,Data Analyst
Business Operations Data Analyst,Gathern.co,Riyadh,0,Full-time,"Excel, Power BI, SQL",,LinkedIn,2026-05-16,Business Analyst
IT Business Analyst,Jasara Program Management Company,Riyadh,3,Full-time,"SAP, SQL, Excel, Power BI",,LinkedIn,2026-05-16,Business Analyst
Data analyst and technical report preparer,Al Maaber Information Systems,Jeddah,5,Full-time,Data Analysis,7000-20000,Jadarat,2026-05-16,Data Analyst
Business Intelligence Data Analyst,Anchor Technical Company,Riyadh,3,Full-time,"Power BI, Tableau, Qlik, SQL, Business Intelligence",16000-18000,Jadarat,2026-05-16,BI Analyst
Data Analyst,Hamid Saud Al-Otaibi Contracting Est,Medina,3,Full-time,"Power BI, SQL, Data Modeling, Data Processing",9400-9450,Jadarat,2026-05-16,Data Analyst
Business Analyst,Saleh Abdulaziz Al-Rashed & Sons,Riyadh,2,Full-time,"Power BI, SQL, Data Modeling",4000-7000,Jadarat,2026-05-16,Business Analyst
Business Analyst,Jazeera Paints,Riyadh,1,Full-time,"SQL, Data Modeling, Data Processing",6000-7000,Jadarat,2026-05-16,Business Analyst
Data Engineer,Masdr,Riyadh,3,Full-time,"SQL, Python, ETL, NoSQL",,LinkedIn,2026-05-16,Data Engineer
Data Engineer,Devoteam,Riyadh,5,Full-time,"SQL, Python, Informatica, Talend, SAS",,LinkedIn,2026-05-16,Data Engineer
Junior Data Engineer,HudHud Maps,Riyadh,1,Hybrid,"Python, SQL, Airflow, Spark, PostgreSQL, AWS, GCP, Azure",,LinkedIn,2026-05-16,Data Engineer
Senior Data Engineer I,HungerStation,Riyadh,5,Full-time,"Python, Java, SQL, GCP, BigQuery, Airflow, dbt, Looker, Terraform",,LinkedIn,2026-05-16,Data Engineer
Data Engineer I,MOZN,Riyadh,2,Full-time,"Python, SQL, ETL, Docker, Airflow, Spark, Tableau, Power BI, Kafka",,LinkedIn,2026-05-16,Data Engineer
Data and Machine Learning Engineer,Artificial Intelligence Global Company,Riyadh,7,Full-time,"Python, SQL, Machine Learning, XGBoost, LSTM, MLflow",,LinkedIn,2026-05-16,Data Engineer
Senior Data Engineer,Salla,Remote,4,Remote,"Python, SQL, dbt, Kafka, Airflow, BigQuery, Snowflake, ClickHouse",,LinkedIn,2026-05-16,Data Engineer
Senior Data Engineer,Emdad By Elm,Riyadh,4,Full-time,"Python, Java, SQL, ETL, AWS, Azure, GCP",,LinkedIn,2026-05-16,Data Engineer
Data Engineer,Al-Bawani,Riyadh,3,Full-time,"Microsoft Fabric, Azure, Power BI, PowerShell, SQL",,LinkedIn,2026-05-16,Data Engineer
Senior Data Engineer,CME,Riyadh,6,Full-time,"Python, SQL, Spark, Databricks, Snowflake, BigQuery, Airflow, Kafka, AWS, Azure, GCP",,LinkedIn,2026-05-16,Data Engineer
Google Cloud Data Engineer,Müller's Solutions,Riyadh,3,Full-time,"Python, Java, SQL, GCP, BigQuery, Dataflow",,LinkedIn,2026-05-16,Data Engineer
Data Engineer,Al Safi Danone,Riyadh,3,Full-time,"Python, Pandas, SQL, Azure, GCP, PyTorch, TensorFlow, Scikit-learn",,LinkedIn,2026-05-16,Data Engineer
Data Engineer,Master Works,Riyadh,0,Full-time,"Python, Java, Scala, SQL, Informatica, Airflow, Terraform",,LinkedIn,2026-05-16,Data Engineer
SAS Visual Analytics Developer,Master Works,Riyadh,5,Full-time,"SAS, SQL, Data Visualization, Power BI, Business Intelligence",,LinkedIn,2026-05-16,Data Analyst
Gen AI Data Scientist,Tata Consultancy Services,Khobar,0,Full-time,"Python, PyTorch, XGBoost, LightGBM, Docker, FastAPI, NLP, HuggingFace",,LinkedIn,2026-05-16,Data Scientist
Microsoft Power BI Developer,Müller's Solutions,Riyadh,0,Full-time,"Power BI, SQL, Excel, DAX, ETL",,LinkedIn,2026-05-16,BI Analyst
Power BI Developer/Arabic Speaker,Müller's Solutions,Riyadh,0,Full-time,"Power BI, DAX, SQL, ETL, Data Modeling",,LinkedIn,2026-05-16,BI Analyst
Data Analyst,PulseMediaNL,Remote,1,Full-time,"Data Analysis, Excel, Reporting, AI Tools, Data Visualization",,LinkedIn,2026-05-16,Data Analyst
Data Analyst,Kanz,Riyadh,0,Full-time,"Data Collection, Data Cleaning, Data Analysis, Spreadsheets, Databases, Statistical Software",,LinkedIn,2026-05-16,Data Analyst
Business Analyst,Talent 360 ME,Riyadh,0,Full-time,"Business Analysis, Data Analysis, Reporting, Statistics",,LinkedIn,2026-05-16,Business Analyst
Data Analyst,Seara International,Jeddah,2,Full-time,"Excel, Power BI, Data Analysis, Data Visualization",,LinkedIn,2026-05-16,Data Analyst
Data Scientist,Everbridge SA,Riyadh,3,Full-time,"Python, SQL, Machine Learning, Power BI, Tableau, AWS, Azure, Statistics",,LinkedIn,2026-05-16,Data Scientist
